ID,rrn ,ave,group
1,12,0.002270329,soybean
2,12,3.68161E-05,soybean
3,10.86,0.008835874,soybean
4,10.86,0.003853423,soybean
5,10.86,0.002307145,soybean
6,10.86,0.001693542,soybean
7,10.86,0.001472646,soybean
8,10.86,0.001239477,soybean
9,10.86,0.00107994,soybean
10,10.86,0.000822227,soybean
11,10.86,0.000711779,soybean
12,10.86,0.000613602,soybean
13,10.86,0.000589058,soybean
14,10.86,0.000552242,soybean
15,10.86,0.000466338,soybean
16,10.86,0.000368161,soybean
17,10.86,0.000368161,soybean
18,10.86,0.000282257,soybean
19,10.86,0.000282257,soybean
20,10.86,0.000269985,soybean
21,10.86,0.000245441,soybean
22,10.86,0.000208625,soybean
23,10.86,0.000134993,soybean
24,10.86,0.000134993,soybean
25,10.86,0.00012272,soybean
26,10.86,0.00012272,soybean
27,10.86,0.00012272,soybean
28,10.86,0.000110448,soybean
29,10.86,9.81764E-05,soybean
30,10.86,8.59043E-05,soybean
31,10.86,8.59043E-05,soybean
32,10.86,7.36323E-05,soybean
33,10.86,7.36323E-05,soybean
34,10.86,7.36323E-05,soybean
35,10.86,6.13602E-05,soybean
36,10.86,4.90882E-05,soybean
37,10.86,4.90882E-05,soybean
38,10.86,3.68161E-05,soybean
39,10.86,3.68161E-05,soybean
40,10.86,3.68161E-05,soybean
41,10.86,3.68161E-05,soybean
42,10.86,2.45441E-05,soybean
43,10.86,2.45441E-05,soybean
44,10.86,1.2272E-05,soybean
45,10.86,1.2272E-05,soybean
46,10.65,0.066023611,soybean
47,10.65,0.020199789,soybean
48,10.65,0.011646172,soybean
49,10.65,0.010418968,soybean
50,10.65,0.009007682,soybean
51,10.65,0.006700538,soybean
52,10.65,0.006491913,soybean
53,10.65,0.005866038,soybean
54,10.65,0.005191076,soybean
55,10.65,0.00515426,soybean
56,10.65,0.00413568,soybean
57,10.65,0.004086592,soybean
58,10.65,0.003620254,soybean
59,10.65,0.003264364,soybean
60,10.65,0.003006651,soybean
61,10.65,0.002687578,soybean
62,10.65,0.002429865,soybean
63,10.65,0.002417593,soybean
64,10.65,0.0019758,soybean
65,10.65,0.001926711,soybean
66,10.65,0.001889895,soybean
67,10.65,0.001865351,soybean
68,10.65,0.00161991,soybean
69,10.65,0.001374469,soybean
70,10.65,0.001325381,soybean
71,10.65,0.001276293,soybean
72,10.65,0.001030852,soybean
73,10.65,0.000969492,soybean
74,10.65,0.000932676,soybean
75,10.65,0.000822227,soybean
76,10.65,0.000822227,soybean
77,10.65,0.000638146,soybean
78,10.65,0.000564514,soybean
79,10.65,0.000564514,soybean
80,10.65,0.00053997,soybean
81,10.65,0.000503154,soybean
82,10.65,0.000441794,soybean
83,10.65,0.000441794,soybean
84,10.65,0.000392705,soybean
85,10.65,0.000380433,soybean
86,10.65,0.000368161,soybean
87,10.65,0.000306801,soybean
88,10.65,0.000294529,soybean
89,10.65,0.000294529,soybean
90,10.65,0.000294529,soybean
91,10.65,0.000269985,soybean
92,10.65,0.000233169,soybean
93,10.65,0.000220897,soybean
94,10.65,0.000208625,soybean
95,10.65,0.000196353,soybean
96,10.65,0.000171809,soybean
97,10.65,0.000147265,soybean
98,10.65,0.000134993,soybean
99,10.65,0.000110448,soybean
100,10.65,0.000110448,soybean
101,10.65,0.000110448,soybean
102,10.65,9.81764E-05,soybean
103,10.65,9.81764E-05,soybean
104,10.65,8.59043E-05,soybean
105,10.65,8.59043E-05,soybean
106,10.65,8.59043E-05,soybean
107,10.65,8.59043E-05,soybean
108,10.65,8.59043E-05,soybean
109,10.65,8.59043E-05,soybean
110,10.65,7.36323E-05,soybean
111,10.65,7.36323E-05,soybean
112,10.65,7.36323E-05,soybean
113,10.65,7.36323E-05,soybean
114,10.65,6.13602E-05,soybean
115,10.65,6.13602E-05,soybean
116,10.65,6.13602E-05,soybean
117,10.65,6.13602E-05,soybean
118,10.65,6.13602E-05,soybean
119,10.65,6.13602E-05,soybean
120,10.65,6.13602E-05,soybean
121,10.65,6.13602E-05,soybean
122,10.65,4.90882E-05,soybean
123,10.65,4.90882E-05,soybean
124,10.65,4.90882E-05,soybean
125,10.65,4.90882E-05,soybean
126,10.65,4.90882E-05,soybean
127,10.65,3.68161E-05,soybean
128,10.65,3.68161E-05,soybean
129,10.65,3.68161E-05,soybean
130,10.65,3.68161E-05,soybean
131,10.65,3.68161E-05,soybean
132,10.65,3.68161E-05,soybean
133,10.65,3.68161E-05,soybean
134,10.65,3.68161E-05,soybean
135,10.65,3.68161E-05,soybean
136,10.65,3.68161E-05,soybean
137,10.65,3.68161E-05,soybean
138,10.65,3.68161E-05,soybean
139,10.65,3.68161E-05,soybean
140,10.65,3.68161E-05,soybean
141,10.65,3.68161E-05,soybean
142,10.65,2.45441E-05,soybean
143,10.65,2.45441E-05,soybean
144,10.65,2.45441E-05,soybean
145,10.65,2.45441E-05,soybean
146,10.65,1.2272E-05,soybean
147,10.65,1.2272E-05,soybean
148,10,0.006320104,soybean
149,10,0.006013303,soybean
150,10,0.004344305,soybean
151,10,0.003804334,soybean
152,10,0.00377979,soybean
153,10,0.002196696,soybean
154,10,0.001963527,soybean
155,10,0.001055396,soybean
156,10,0.000932676,soybean
157,10,0.000724051,soybean
158,10,0.000638146,soybean
159,10,0.00060133,soybean
160,10,0.000404978,soybean
161,10,0.000331345,soybean
162,10,0.000331345,soybean
163,10,0.000282257,soybean
164,10,0.000233169,soybean
165,10,0.000233169,soybean
166,10,0.000171809,soybean
167,10,6.13602E-05,soybean
168,10,6.13602E-05,soybean
169,10,6.13602E-05,soybean
170,10,4.90882E-05,soybean
171,10,4.90882E-05,soybean
172,10,3.68161E-05,soybean
173,10,3.68161E-05,soybean
174,10,3.68161E-05,soybean
175,10,2.45441E-05,soybean
176,9,0.0167268,soybean
177,9,0.004908819,soybean
178,9,0.003387085,soybean
179,9,0.000355889,soybean
180,9,0.000245441,soybean
181,9,0.000134993,soybean
182,9,9.81764E-05,soybean
183,9,9.81764E-05,soybean
184,9,6.13602E-05,soybean
185,9,4.90882E-05,soybean
186,9,4.90882E-05,soybean
187,9,4.90882E-05,soybean
188,9,3.68161E-05,soybean
189,9,3.68161E-05,soybean
190,9,3.68161E-05,soybean
191,8,0.00377979,soybean
192,8,0.000233169,soybean
193,8,0.000110448,soybean
194,8,9.81764E-05,soybean
195,8,8.59043E-05,soybean
196,8,6.13602E-05,soybean
197,8,3.68161E-05,soybean
198,8,2.45441E-05,soybean
199,7.93,0.003203004,soybean
200,7.93,0.001705814,soybean
201,7.88,0.0031171,soybean
202,7.78,0.004086592,soybean
203,7.78,0.000589058,soybean
204,7.78,0.000171809,soybean
205,7.78,0.000134993,soybean
206,7.78,0.00012272,soybean
207,7.78,9.81764E-05,soybean
208,7.78,9.81764E-05,soybean
209,7.78,8.59043E-05,soybean
210,7.78,7.36323E-05,soybean
211,7.78,6.13602E-05,soybean
212,7.78,4.90882E-05,soybean
213,7.78,3.68161E-05,soybean
214,7.78,3.68161E-05,soybean
215,7.78,3.68161E-05,soybean
216,7.78,3.68161E-05,soybean
217,7.78,2.45441E-05,soybean
218,7.48,3.68161E-05,soybean
219,7.25,0.000589058,soybean
220,7.25,0.000282257,soybean
221,7.25,0.000171809,soybean
222,7.25,0.000159537,soybean
223,7.25,4.90882E-05,soybean
224,7,0.000208625,soybean
225,7,0.00012272,soybean
226,7,0.00012272,soybean
227,6.67,0.001448102,soybean
228,6.67,0.001411285,soybean
229,6.67,0.000233169,soybean
230,6.67,6.13602E-05,soybean
231,6.67,4.90882E-05,soybean
232,6.4,0.001325381,soybean
233,6.4,0.001214933,soybean
234,6.4,0.001092212,soybean
235,6.4,0.000883587,soybean
236,6.4,0.000859043,soybean
237,6.4,0.000613602,soybean
238,6.4,0.000527698,soybean
239,6.4,0.000331345,soybean
240,6.4,0.000233169,soybean
241,6.4,0.000220897,soybean
242,6.4,0.000196353,soybean
243,6.4,0.000159537,soybean
244,6.4,0.00012272,soybean
245,6.4,0.000110448,soybean
246,6.4,8.59043E-05,soybean
247,6.4,8.59043E-05,soybean
248,6.4,7.36323E-05,soybean
249,6.4,7.36323E-05,soybean
250,6.4,6.13602E-05,soybean
251,6.4,6.13602E-05,soybean
252,6.4,6.13602E-05,soybean
253,6.4,6.13602E-05,soybean
254,6.4,6.13602E-05,soybean
255,6.4,4.90882E-05,soybean
256,6.4,4.90882E-05,soybean
257,6.4,3.68161E-05,soybean
258,6.4,3.68161E-05,soybean
259,6.4,3.68161E-05,soybean
260,6.08,0.000282257,soybean
261,6.08,0.000171809,soybean
262,6,0.000797683,soybean
263,6,0.000613602,soybean
264,6,0.000527698,soybean
265,6,0.000429522,soybean
266,6,0.000294529,soybean
267,6,0.000269985,soybean
268,6,0.000208625,soybean
269,6,0.000208625,soybean
270,6,0.000159537,soybean
271,6,8.59043E-05,soybean
272,6,7.36323E-05,soybean
273,6,4.90882E-05,soybean
274,6,4.90882E-05,soybean
275,6,3.68161E-05,soybean
276,6,3.68161E-05,soybean
277,5.95,0.003951599,soybean
278,5.95,0.002417593,soybean
279,5.95,0.001055396,soybean
280,5.95,0.00101858,soybean
281,5.95,0.000650418,soybean
282,5.95,0.000527698,soybean
283,5.95,0.000368161,soybean
284,5.95,0.000368161,soybean
285,5.95,0.000355889,soybean
286,5.95,0.000319073,soybean
287,5.95,0.000257713,soybean
288,5.95,0.000257713,soybean
289,5.95,0.000134993,soybean
290,5.95,0.00012272,soybean
291,5.95,7.36323E-05,soybean
292,5.95,6.13602E-05,soybean
293,5.95,6.13602E-05,soybean
294,5.95,6.13602E-05,soybean
295,5.95,6.13602E-05,soybean
296,5.95,4.90882E-05,soybean
297,5.95,4.90882E-05,soybean
298,5.95,3.68161E-05,soybean
299,5.95,3.68161E-05,soybean
300,5.95,3.68161E-05,soybean
301,5.95,3.68161E-05,soybean
302,5.95,1.2272E-05,soybean
303,5.95,1.2272E-05,soybean
304,5.95,1.2272E-05,soybean
305,5.5,0.000220897,soybean
306,5.5,0.000147265,soybean
307,5.5,3.68161E-05,soybean
308,5.33,0.003337997,soybean
309,5.33,0.003068012,soybean
310,5.33,0.000429522,soybean
311,5.33,0.000147265,soybean
312,5.26,0.000306801,soybean
313,5.26,0.000306801,soybean
314,5.26,0.000171809,soybean
315,5.26,0.000159537,soybean
316,5.26,0.000134993,soybean
317,5.26,0.000110448,soybean
318,5.26,0.000110448,soybean
319,5.26,9.81764E-05,soybean
320,5.26,9.81764E-05,soybean
321,5.26,8.59043E-05,soybean
322,5.26,7.36323E-05,soybean
323,5.26,7.36323E-05,soybean
324,5.26,6.13602E-05,soybean
325,5.26,4.90882E-05,soybean
326,5.26,3.68161E-05,soybean
327,5.14,0.000319073,soybean
328,5.14,0.000257713,soybean
329,5.14,3.68161E-05,soybean
330,5.01,0.011670716,soybean
331,5.01,0.001411285,soybean
332,5.01,0.000208625,soybean
333,5.01,0.000208625,soybean
334,5.01,0.000159537,soybean
335,5.01,0.000147265,soybean
336,5.01,0.000134993,soybean
337,5.01,6.13602E-05,soybean
338,5.01,3.68161E-05,soybean
339,5.01,2.45441E-05,soybean
340,5.01,2.45441E-05,soybean
341,5,0.001754903,soybean
342,5,0.001153572,soybean
343,5,0.000662691,soybean
344,5,0.00047861,soybean
345,5,2.45441E-05,soybean
346,4.75,0.000343617,soybean
347,4.75,0.000294529,soybean
348,4.62,8.59043E-05,soybean
349,4.62,7.36323E-05,soybean
350,4.62,7.36323E-05,soybean
351,4.62,4.90882E-05,soybean
352,4.62,4.90882E-05,soybean
353,4.62,3.68161E-05,soybean
354,4.62,3.68161E-05,soybean
355,4.62,2.45441E-05,soybean
356,4.5,0.000343617,soybean
357,4.5,0.000282257,soybean
358,4.5,0.000147265,soybean
359,4.5,0.000110448,soybean
360,4.5,6.13602E-05,soybean
361,4.5,6.13602E-05,soybean
362,4.5,2.45441E-05,soybean
363,4.39,0.002724394,soybean
364,4.39,0.001116756,soybean
365,4.39,0.001104484,soybean
366,4.39,0.000994036,soybean
367,4.39,0.000895859,soybean
368,4.39,0.000883587,soybean
369,4.39,0.000699507,soybean
370,4.39,0.000589058,soybean
371,4.39,0.000269985,soybean
372,4.39,0.000208625,soybean
373,4.39,0.000196353,soybean
374,4.39,0.000196353,soybean
375,4.39,0.000171809,soybean
376,4.39,0.000134993,soybean
377,4.39,0.00012272,soybean
378,4.39,9.81764E-05,soybean
379,4.39,9.81764E-05,soybean
380,4.39,8.59043E-05,soybean
381,4.39,6.13602E-05,soybean
382,4.39,6.13602E-05,soybean
383,4.39,6.13602E-05,soybean
384,4.39,4.90882E-05,soybean
385,4.39,4.90882E-05,soybean
386,4.39,4.90882E-05,soybean
387,4.39,4.90882E-05,soybean
388,4.39,4.90882E-05,soybean
389,4.39,3.68161E-05,soybean
390,4.39,3.68161E-05,soybean
391,4.39,3.68161E-05,soybean
392,4.39,3.68161E-05,soybean
393,4.39,3.68161E-05,soybean
394,4.39,3.68161E-05,soybean
395,4.39,3.68161E-05,soybean
396,4.39,3.68161E-05,soybean
397,4.39,3.68161E-05,soybean
398,4.39,2.45441E-05,soybean
399,4.39,2.45441E-05,soybean
400,4.39,2.45441E-05,soybean
401,4.39,1.2272E-05,soybean
402,4.33,6.13602E-05,soybean
403,4.06,0.000294529,soybean
404,4.06,9.81764E-05,soybean
405,4.06,8.59043E-05,soybean
406,4.06,7.36323E-05,soybean
407,4.06,6.13602E-05,soybean
408,4.06,4.90882E-05,soybean
409,4.06,1.2272E-05,soybean
410,4.06,1.2272E-05,soybean
411,4,0.011977518,soybean
412,4,0.001190389,soybean
413,4,0.000797683,soybean
414,4,0.000760867,soybean
415,4,0.000638146,soybean
416,4,0.000490882,soybean
417,4,0.000429522,soybean
418,4,0.000392705,soybean
419,4,0.000306801,soybean
420,4,0.000294529,soybean
421,4,0.000294529,soybean
422,4,0.000269985,soybean
423,4,0.000208625,soybean
424,4,0.000147265,soybean
425,4,0.000147265,soybean
426,4,0.000134993,soybean
427,4,0.00012272,soybean
428,4,9.81764E-05,soybean
429,4,6.13602E-05,soybean
430,4,4.90882E-05,soybean
431,4,4.90882E-05,soybean
432,4,3.68161E-05,soybean
433,4,3.68161E-05,soybean
434,4,3.68161E-05,soybean
435,3.86,0.000404978,soybean
436,3.83,0.000822227,soybean
437,3.83,0.000380433,soybean
438,3.83,0.000171809,soybean
439,3.83,4.90882E-05,soybean
440,3.81,0.000527698,soybean
441,3.81,0.000527698,soybean
442,3.81,0.000454066,soybean
443,3.81,0.000392705,soybean
444,3.81,0.000331345,soybean
445,3.81,0.000306801,soybean
446,3.81,0.000147265,soybean
447,3.81,0.000110448,soybean
448,3.81,8.59043E-05,soybean
449,3.81,7.36323E-05,soybean
450,3.81,6.13602E-05,soybean
451,3.81,4.90882E-05,soybean
452,3.81,3.68161E-05,soybean
453,3.81,3.68161E-05,soybean
454,3.81,2.45441E-05,soybean
455,3.77,0.000932676,soybean
456,3.77,0.000576786,soybean
457,3.77,0.000220897,soybean
458,3.77,0.000184081,soybean
459,3.77,0.000134993,soybean
460,3.77,0.00012272,soybean
461,3.77,7.36323E-05,soybean
462,3.77,6.13602E-05,soybean
463,3.77,6.13602E-05,soybean
464,3.77,4.90882E-05,soybean
465,3.77,3.68161E-05,soybean
466,3.77,2.45441E-05,soybean
467,3.77,1.2272E-05,soybean
468,3.72,2.45441E-05,soybean
469,3.71,0.000503154,soybean
470,3.71,0.000343617,soybean
471,3.71,0.00012272,soybean
472,3.66,0.000343617,soybean
473,3.66,0.000343617,soybean
474,3.66,0.000282257,soybean
475,3.66,0.000257713,soybean
476,3.66,0.000233169,soybean
477,3.66,0.000233169,soybean
478,3.66,0.000184081,soybean
479,3.66,0.000134993,soybean
480,3.66,0.00012272,soybean
481,3.66,4.90882E-05,soybean
482,3.66,2.45441E-05,soybean
483,3.5,0.001104484,soybean
484,3.5,0.000589058,soybean
485,3.5,0.000441794,soybean
486,3.5,0.000368161,soybean
487,3.5,0.000368161,soybean
488,3.5,0.000331345,soybean
489,3.5,0.000257713,soybean
490,3.5,0.000245441,soybean
491,3.5,0.000245441,soybean
492,3.5,0.000245441,soybean
493,3.5,0.000233169,soybean
494,3.5,0.000196353,soybean
495,3.5,0.000184081,soybean
496,3.5,0.000171809,soybean
497,3.5,0.000159537,soybean
498,3.5,0.000110448,soybean
499,3.5,7.36323E-05,soybean
500,3.5,7.36323E-05,soybean
501,3.5,7.36323E-05,soybean
502,3.5,4.90882E-05,soybean
503,3.5,4.90882E-05,soybean
504,3.5,4.90882E-05,soybean
505,3.5,3.68161E-05,soybean
506,3.5,3.68161E-05,soybean
507,3.5,3.68161E-05,soybean
508,3.5,3.68161E-05,soybean
509,3.5,2.45441E-05,soybean
510,3.5,1.2272E-05,soybean
511,3.5,1.2272E-05,soybean
512,3.44,0.000515426,soybean
513,3.44,0.000257713,soybean
514,3.44,0.000184081,soybean
515,3.44,0.000159537,soybean
516,3.44,0.000134993,soybean
517,3.44,8.59043E-05,soybean
518,3.44,7.36323E-05,soybean
519,3.44,6.13602E-05,soybean
520,3.44,4.90882E-05,soybean
521,3.44,3.68161E-05,soybean
522,3.44,3.68161E-05,soybean
523,3.44,3.68161E-05,soybean
524,3.18,0.020752031,soybean
525,3.18,0.015057801,soybean
526,3.18,0.003792062,soybean
527,3.18,0.003669342,soybean
528,3.18,0.002810299,soybean
529,3.18,0.00222124,soybean
530,3.18,0.002024888,soybean
531,3.18,0.001865351,soybean
532,3.18,0.001509462,soybean
533,3.18,0.001300837,soybean
534,3.18,0.001092212,soybean
535,3.18,0.000920404,soybean
536,3.18,0.000834499,soybean
537,3.18,0.000613602,soybean
538,3.18,0.00060133,soybean
539,3.18,0.000564514,soybean
540,3.18,0.00041725,soybean
541,3.18,0.000331345,soybean
542,3.18,0.000319073,soybean
543,3.18,0.000282257,soybean
544,3.18,0.000233169,soybean
545,3.18,0.000220897,soybean
546,3.18,0.000184081,soybean
547,3.18,0.000184081,soybean
548,3.18,0.000184081,soybean
549,3.18,0.000184081,soybean
550,3.18,0.000171809,soybean
551,3.18,0.000171809,soybean
552,3.18,0.000159537,soybean
553,3.18,0.000147265,soybean
554,3.18,0.000147265,soybean
555,3.18,0.000134993,soybean
556,3.18,0.000110448,soybean
557,3.18,0.000110448,soybean
558,3.18,9.81764E-05,soybean
559,3.18,9.81764E-05,soybean
560,3.18,8.59043E-05,soybean
561,3.18,8.59043E-05,soybean
562,3.18,8.59043E-05,soybean
563,3.18,7.36323E-05,soybean
564,3.18,7.36323E-05,soybean
565,3.18,7.36323E-05,soybean
566,3.18,7.36323E-05,soybean
567,3.18,7.36323E-05,soybean
568,3.18,7.36323E-05,soybean
569,3.18,7.36323E-05,soybean
570,3.18,7.36323E-05,soybean
571,3.18,6.13602E-05,soybean
572,3.18,6.13602E-05,soybean
573,3.18,6.13602E-05,soybean
574,3.18,4.90882E-05,soybean
575,3.18,4.90882E-05,soybean
576,3.18,4.90882E-05,soybean
577,3.18,4.90882E-05,soybean
578,3.18,4.90882E-05,soybean
579,3.18,3.68161E-05,soybean
580,3.18,3.68161E-05,soybean
581,3.18,3.68161E-05,soybean
582,3.18,3.68161E-05,soybean
583,3.18,3.68161E-05,soybean
584,3.18,3.68161E-05,soybean
585,3.18,3.68161E-05,soybean
586,3.18,3.68161E-05,soybean
587,3.18,2.45441E-05,soybean
588,3.18,2.45441E-05,soybean
589,3.18,1.2272E-05,soybean
590,3.18,1.2272E-05,soybean
591,3.1,3.68161E-05,soybean
592,3.1,2.45441E-05,soybean
593,3.07,0.002883931,soybean
594,3.07,0.002208968,soybean
595,3.07,0.001043124,soybean
596,3.07,0.000920404,soybean
597,3.07,0.000576786,soybean
598,3.07,0.000355889,soybean
599,3.07,0.000233169,soybean
600,3.07,0.000147265,soybean
601,3.07,0.00012272,soybean
602,3.07,9.81764E-05,soybean
603,3.07,8.59043E-05,soybean
604,3.07,7.36323E-05,soybean
605,3.07,4.90882E-05,soybean
606,3.07,3.68161E-05,soybean
607,3.07,3.68161E-05,soybean
608,3.07,3.68161E-05,soybean
609,3.07,1.2272E-05,soybean
610,3,0.059323074,soybean
611,3,0.006013303,soybean
612,3,0.005546965,soybean
613,3,0.002663034,soybean
614,3,0.002564858,soybean
615,3,0.002319417,soybean
616,3,0.00222124,soybean
617,3,0.002123064,soybean
618,3,0.001644454,soybean
619,3,0.001288565,soybean
620,3,0.001251749,soybean
621,3,0.001104484,soybean
622,3,0.001092212,soybean
623,3,0.001030852,soybean
624,3,0.000908131,soybean
625,3,0.000883587,soybean
626,3,0.000797683,soybean
627,3,0.000797683,soybean
628,3,0.000674963,soybean
629,3,0.000638146,soybean
630,3,0.000576786,soybean
631,3,0.000576786,soybean
632,3,0.000552242,soybean
633,3,0.00053997,soybean
634,3,0.000515426,soybean
635,3,0.000503154,soybean
636,3,0.000503154,soybean
637,3,0.000490882,soybean
638,3,0.00047861,soybean
639,3,0.000466338,soybean
640,3,0.000454066,soybean
641,3,0.000429522,soybean
642,3,0.00041725,soybean
643,3,0.000392705,soybean
644,3,0.000380433,soybean
645,3,0.000368161,soybean
646,3,0.000355889,soybean
647,3,0.000355889,soybean
648,3,0.000331345,soybean
649,3,0.000294529,soybean
650,3,0.000294529,soybean
651,3,0.000282257,soybean
652,3,0.000282257,soybean
653,3,0.000257713,soybean
654,3,0.000245441,soybean
655,3,0.000220897,soybean
656,3,0.000220897,soybean
657,3,0.000220897,soybean
658,3,0.000208625,soybean
659,3,0.000208625,soybean
660,3,0.000196353,soybean
661,3,0.000196353,soybean
662,3,0.000184081,soybean
663,3,0.000159537,soybean
664,3,0.000159537,soybean
665,3,0.000159537,soybean
666,3,0.000147265,soybean
667,3,0.000147265,soybean
668,3,0.000134993,soybean
669,3,0.000134993,soybean
670,3,0.00012272,soybean
671,3,0.00012272,soybean
672,3,0.00012272,soybean
673,3,0.00012272,soybean
674,3,0.000110448,soybean
675,3,0.000110448,soybean
676,3,0.000110448,soybean
677,3,9.81764E-05,soybean
678,3,9.81764E-05,soybean
679,3,9.81764E-05,soybean
680,3,9.81764E-05,soybean
681,3,9.81764E-05,soybean
682,3,9.81764E-05,soybean
683,3,8.59043E-05,soybean
684,3,8.59043E-05,soybean
685,3,8.59043E-05,soybean
686,3,8.59043E-05,soybean
687,3,8.59043E-05,soybean
688,3,8.59043E-05,soybean
689,3,8.59043E-05,soybean
690,3,7.36323E-05,soybean
691,3,7.36323E-05,soybean
692,3,7.36323E-05,soybean
693,3,6.13602E-05,soybean
694,3,6.13602E-05,soybean
695,3,6.13602E-05,soybean
696,3,6.13602E-05,soybean
697,3,6.13602E-05,soybean
698,3,6.13602E-05,soybean
699,3,6.13602E-05,soybean
700,3,4.90882E-05,soybean
701,3,4.90882E-05,soybean
702,3,4.90882E-05,soybean
703,3,4.90882E-05,soybean
704,3,4.90882E-05,soybean
705,3,4.90882E-05,soybean
706,3,4.90882E-05,soybean
707,3,4.90882E-05,soybean
708,3,4.90882E-05,soybean
709,3,4.90882E-05,soybean
710,3,4.90882E-05,soybean
711,3,4.90882E-05,soybean
712,3,3.68161E-05,soybean
713,3,3.68161E-05,soybean
714,3,3.68161E-05,soybean
715,3,3.68161E-05,soybean
716,3,3.68161E-05,soybean
717,3,3.68161E-05,soybean
718,3,3.68161E-05,soybean
719,3,3.68161E-05,soybean
720,3,3.68161E-05,soybean
721,3,3.68161E-05,soybean
722,3,3.68161E-05,soybean
723,3,3.68161E-05,soybean
724,3,3.68161E-05,soybean
725,3,3.68161E-05,soybean
726,3,3.68161E-05,soybean
727,3,3.68161E-05,soybean
728,3,3.68161E-05,soybean
729,3,3.68161E-05,soybean
730,3,2.45441E-05,soybean
731,3,2.45441E-05,soybean
732,3,2.45441E-05,soybean
733,3,2.45441E-05,soybean
734,3,2.45441E-05,soybean
735,3,2.45441E-05,soybean
736,3,2.45441E-05,soybean
737,3,2.45441E-05,soybean
738,3,2.45441E-05,soybean
739,3,1.2272E-05,soybean
740,3,1.2272E-05,soybean
741,2.95,0.004037503,soybean
742,2.95,0.003963871,soybean
743,2.95,0.003141644,soybean
744,2.95,0.002589402,soybean
745,2.95,0.002258057,soybean
746,2.95,0.002233513,soybean
747,2.95,0.001803991,soybean
748,2.95,0.001423557,soybean
749,2.95,0.001399013,soybean
750,2.95,0.000883587,soybean
751,2.95,0.000687235,soybean
752,2.95,0.000613602,soybean
753,2.95,0.000613602,soybean
754,2.95,0.00053997,soybean
755,2.95,0.000503154,soybean
756,2.95,0.000343617,soybean
757,2.95,0.000343617,soybean
758,2.95,0.000282257,soybean
759,2.95,0.000269985,soybean
760,2.95,0.000245441,soybean
761,2.95,0.000245441,soybean
762,2.95,0.000196353,soybean
763,2.95,0.000196353,soybean
764,2.95,0.000159537,soybean
765,2.95,0.000159537,soybean
766,2.95,0.000110448,soybean
767,2.95,7.36323E-05,soybean
768,2.95,7.36323E-05,soybean
769,2.95,7.36323E-05,soybean
770,2.95,7.36323E-05,soybean
771,2.95,7.36323E-05,soybean
772,2.95,6.13602E-05,soybean
773,2.95,6.13602E-05,soybean
774,2.95,6.13602E-05,soybean
775,2.95,4.90882E-05,soybean
776,2.95,4.90882E-05,soybean
777,2.95,4.90882E-05,soybean
778,2.95,4.90882E-05,soybean
779,2.95,3.68161E-05,soybean
780,2.95,3.68161E-05,soybean
781,2.95,3.68161E-05,soybean
782,2.95,3.68161E-05,soybean
783,2.95,3.68161E-05,soybean
784,2.95,2.45441E-05,soybean
785,2.92,0.000380433,soybean
786,2.92,8.59043E-05,soybean
787,2.92,7.36323E-05,soybean
788,2.92,4.90882E-05,soybean
789,2.92,2.45441E-05,soybean
790,2.67,9.81764E-05,soybean
791,2.67,3.68161E-05,soybean
792,2.63,0.001448102,soybean
793,2.63,0.001276293,soybean
794,2.63,0.001264021,soybean
795,2.63,0.001227205,soybean
796,2.63,0.0011413,soybean
797,2.63,0.000944948,soybean
798,2.63,0.000748595,soybean
799,2.63,0.000527698,soybean
800,2.63,0.000490882,soybean
801,2.63,0.00041725,soybean
802,2.63,0.000404978,soybean
803,2.63,0.000294529,soybean
804,2.63,0.000245441,soybean
805,2.63,0.000184081,soybean
806,2.63,0.000184081,soybean
807,2.63,0.000184081,soybean
808,2.63,0.000134993,soybean
809,2.63,0.000134993,soybean
810,2.63,0.000110448,soybean
811,2.63,9.81764E-05,soybean
812,2.63,8.59043E-05,soybean
813,2.63,7.36323E-05,soybean
814,2.63,7.36323E-05,soybean
815,2.63,7.36323E-05,soybean
816,2.63,6.13602E-05,soybean
817,2.63,4.90882E-05,soybean
818,2.63,4.90882E-05,soybean
819,2.63,4.90882E-05,soybean
820,2.63,3.68161E-05,soybean
821,2.63,3.68161E-05,soybean
822,2.63,3.68161E-05,soybean
823,2.63,3.68161E-05,soybean
824,2.63,2.45441E-05,soybean
825,2.63,2.45441E-05,soybean
826,2.63,2.45441E-05,soybean
827,2.5,0.003742974,soybean
828,2.5,0.002073976,soybean
829,2.5,0.001693542,soybean
830,2.5,0.001399013,soybean
831,2.5,0.001190389,soybean
832,2.5,0.00107994,soybean
833,2.5,0.001043124,soybean
834,2.5,0.00101858,soybean
835,2.5,0.000932676,soybean
836,2.5,0.000895859,soybean
837,2.5,0.000822227,soybean
838,2.5,0.000785411,soybean
839,2.5,0.000736323,soybean
840,2.5,0.000662691,soybean
841,2.5,0.000650418,soybean
842,2.5,0.000638146,soybean
843,2.5,0.000625874,soybean
844,2.5,0.000625874,soybean
845,2.5,0.000613602,soybean
846,2.5,0.000552242,soybean
847,2.5,0.000490882,soybean
848,2.5,0.000454066,soybean
849,2.5,0.000429522,soybean
850,2.5,0.00041725,soybean
851,2.5,0.000404978,soybean
852,2.5,0.000380433,soybean
853,2.5,0.000343617,soybean
854,2.5,0.000343617,soybean
855,2.5,0.000343617,soybean
856,2.5,0.000282257,soybean
857,2.5,0.000257713,soybean
858,2.5,0.000245441,soybean
859,2.5,0.000245441,soybean
860,2.5,0.000233169,soybean
861,2.5,0.000233169,soybean
862,2.5,0.000220897,soybean
863,2.5,0.000208625,soybean
864,2.5,0.000208625,soybean
865,2.5,0.000196353,soybean
866,2.5,0.000184081,soybean
867,2.5,0.000159537,soybean
868,2.5,0.000159537,soybean
869,2.5,0.000147265,soybean
870,2.5,0.000147265,soybean
871,2.5,0.000147265,soybean
872,2.5,0.000134993,soybean
873,2.5,0.000134993,soybean
874,2.5,0.000134993,soybean
875,2.5,0.00012272,soybean
876,2.5,0.00012272,soybean
877,2.5,0.00012272,soybean
878,2.5,0.000110448,soybean
879,2.5,0.000110448,soybean
880,2.5,0.000110448,soybean
881,2.5,0.000110448,soybean
882,2.5,9.81764E-05,soybean
883,2.5,8.59043E-05,soybean
884,2.5,8.59043E-05,soybean
885,2.5,8.59043E-05,soybean
886,2.5,8.59043E-05,soybean
887,2.5,8.59043E-05,soybean
888,2.5,8.59043E-05,soybean
889,2.5,7.36323E-05,soybean
890,2.5,7.36323E-05,soybean
891,2.5,7.36323E-05,soybean
892,2.5,7.36323E-05,soybean
893,2.5,6.13602E-05,soybean
894,2.5,6.13602E-05,soybean
895,2.5,6.13602E-05,soybean
896,2.5,6.13602E-05,soybean
897,2.5,6.13602E-05,soybean
898,2.5,6.13602E-05,soybean
899,2.5,4.90882E-05,soybean
900,2.5,4.90882E-05,soybean
901,2.5,4.90882E-05,soybean
902,2.5,4.90882E-05,soybean
903,2.5,4.90882E-05,soybean
904,2.5,4.90882E-05,soybean
905,2.5,4.90882E-05,soybean
906,2.5,4.90882E-05,soybean
907,2.5,3.68161E-05,soybean
908,2.5,3.68161E-05,soybean
909,2.5,3.68161E-05,soybean
910,2.5,3.68161E-05,soybean
911,2.5,3.68161E-05,soybean
912,2.5,3.68161E-05,soybean
913,2.5,3.68161E-05,soybean
914,2.5,3.68161E-05,soybean
915,2.5,3.68161E-05,soybean
916,2.5,3.68161E-05,soybean
917,2.5,3.68161E-05,soybean
918,2.5,3.68161E-05,soybean
919,2.5,3.68161E-05,soybean
920,2.5,3.68161E-05,soybean
921,2.5,2.45441E-05,soybean
922,2.5,2.45441E-05,soybean
923,2.5,2.45441E-05,soybean
924,2.5,2.45441E-05,soybean
925,2.5,2.45441E-05,soybean
926,2.5,2.45441E-05,soybean
927,2.5,2.45441E-05,soybean
928,2.5,1.2272E-05,soybean
929,2.5,1.2272E-05,soybean
930,2.5,1.2272E-05,soybean
931,2.34,0.00533834,soybean
932,2.34,0.0019758,soybean
933,2.34,0.001963527,soybean
934,2.34,0.001828535,soybean
935,2.34,0.001153572,soybean
936,2.34,0.001129028,soybean
937,2.34,0.000944948,soybean
938,2.34,0.000944948,soybean
939,2.34,0.000895859,soybean
940,2.34,0.000895859,soybean
941,2.34,0.000846771,soybean
942,2.34,0.000834499,soybean
943,2.34,0.000797683,soybean
944,2.34,0.000773139,soybean
945,2.34,0.000724051,soybean
946,2.34,0.000711779,soybean
947,2.34,0.000662691,soybean
948,2.34,0.000638146,soybean
949,2.34,0.000466338,soybean
950,2.34,0.000355889,soybean
951,2.34,0.000331345,soybean
952,2.34,0.000306801,soybean
953,2.34,0.000220897,soybean
954,2.34,0.000196353,soybean
955,2.34,0.000196353,soybean
956,2.34,0.000196353,soybean
957,2.34,0.000196353,soybean
958,2.34,0.000184081,soybean
959,2.34,0.000159537,soybean
960,2.34,0.000159537,soybean
961,2.34,0.000147265,soybean
962,2.34,0.000134993,soybean
963,2.34,0.00012272,soybean
964,2.34,0.00012272,soybean
965,2.34,0.00012272,soybean
966,2.34,0.000110448,soybean
967,2.34,0.000110448,soybean
968,2.34,8.59043E-05,soybean
969,2.34,8.59043E-05,soybean
970,2.34,7.36323E-05,soybean
971,2.34,7.36323E-05,soybean
972,2.34,6.13602E-05,soybean
973,2.34,6.13602E-05,soybean
974,2.34,6.13602E-05,soybean
975,2.34,6.13602E-05,soybean
976,2.34,6.13602E-05,soybean
977,2.34,6.13602E-05,soybean
978,2.34,6.13602E-05,soybean
979,2.34,4.90882E-05,soybean
980,2.34,4.90882E-05,soybean
981,2.34,4.90882E-05,soybean
982,2.34,4.90882E-05,soybean
983,2.34,4.90882E-05,soybean
984,2.34,4.90882E-05,soybean
985,2.34,4.90882E-05,soybean
986,2.34,3.68161E-05,soybean
987,2.34,3.68161E-05,soybean
988,2.34,3.68161E-05,soybean
989,2.34,3.68161E-05,soybean
990,2.34,3.68161E-05,soybean
991,2.34,3.68161E-05,soybean
992,2.34,3.68161E-05,soybean
993,2.34,3.68161E-05,soybean
994,2.34,2.45441E-05,soybean
995,2.34,2.45441E-05,soybean
996,2.34,2.45441E-05,soybean
997,2.34,2.45441E-05,soybean
998,2.34,2.45441E-05,soybean
999,2.34,2.45441E-05,soybean
1000,2.34,1.2272E-05,soybean
1001,2.34,1.2272E-05,soybean
1002,2.34,1.2272E-05,soybean
1003,2.33,0.009339028,soybean
1004,2.33,0.002245785,soybean
1005,2.33,0.002135336,soybean
1006,2.33,0.001718087,soybean
1007,2.33,0.001644454,soybean
1008,2.33,0.001251749,soybean
1009,2.33,0.001190389,soybean
1010,2.33,0.001092212,soybean
1011,2.33,0.000859043,soybean
1012,2.33,0.000699507,soybean
1013,2.33,0.000576786,soybean
1014,2.33,0.000503154,soybean
1015,2.33,0.000404978,soybean
1016,2.33,0.000368161,soybean
1017,2.33,0.000319073,soybean
1018,2.33,0.000269985,soybean
1019,2.33,0.000245441,soybean
1020,2.33,0.000220897,soybean
1021,2.33,0.000208625,soybean
1022,2.33,0.000147265,soybean
1023,2.33,0.000147265,soybean
1024,2.33,0.000147265,soybean
1025,2.33,0.00012272,soybean
1026,2.33,9.81764E-05,soybean
1027,2.33,9.81764E-05,soybean
1028,2.33,8.59043E-05,soybean
1029,2.33,6.13602E-05,soybean
1030,2.33,6.13602E-05,soybean
1031,2.33,6.13602E-05,soybean
1032,2.33,4.90882E-05,soybean
1033,2.33,3.68161E-05,soybean
1034,2.33,3.68161E-05,soybean
1035,2.33,3.68161E-05,soybean
1036,2.33,3.68161E-05,soybean
1037,2.33,3.68161E-05,soybean
1038,2.33,3.68161E-05,soybean
1039,2.33,3.68161E-05,soybean
1040,2.33,2.45441E-05,soybean
1041,2.33,1.2272E-05,soybean
1042,2.33,1.2272E-05,soybean
1043,2.25,0.00365707,soybean
1044,2.25,0.001313109,soybean
1045,2.25,0.001165844,soybean
1046,2.25,0.000564514,soybean
1047,2.25,0.000306801,soybean
1048,2.25,0.000282257,soybean
1049,2.25,0.000269985,soybean
1050,2.25,0.000184081,soybean
1051,2.25,0.000159537,soybean
1052,2.25,0.000147265,soybean
1053,2.25,0.000147265,soybean
1054,2.25,6.13602E-05,soybean
1055,2.25,4.90882E-05,soybean
1056,2.25,4.90882E-05,soybean
1057,2.21,0.000724051,soybean
1058,2.21,0.000650418,soybean
1059,2.21,0.000625874,soybean
1060,2.21,0.000454066,soybean
1061,2.21,0.000257713,soybean
1062,2.21,0.000233169,soybean
1063,2.21,0.000220897,soybean
1064,2.21,0.000184081,soybean
1065,2.21,0.000159537,soybean
1066,2.21,0.000134993,soybean
1067,2.21,0.000134993,soybean
1068,2.21,8.59043E-05,soybean
1069,2.21,8.59043E-05,soybean
1070,2.21,7.36323E-05,soybean
1071,2.21,6.13602E-05,soybean
1072,2.21,4.90882E-05,soybean
1073,2.21,3.68161E-05,soybean
1074,2.21,3.68161E-05,soybean
1075,2.21,2.45441E-05,soybean
1076,2.17,0.000944948,soybean
1077,2.17,0.000932676,soybean
1078,2.17,0.000515426,soybean
1079,2.17,0.000282257,soybean
1080,2.17,6.13602E-05,soybean
1081,2.14,0.005485605,soybean
1082,2.14,0.002073976,soybean
1083,2.14,0.0011413,soybean
1084,2.14,0.00095722,soybean
1085,2.14,0.00095722,soybean
1086,2.14,0.000822227,soybean
1087,2.14,0.00060133,soybean
1088,2.14,0.000527698,soybean
1089,2.14,0.00047861,soybean
1090,2.14,0.000441794,soybean
1091,2.14,0.000429522,soybean
1092,2.14,0.000404978,soybean
1093,2.14,0.000404978,soybean
1094,2.14,0.000392705,soybean
1095,2.14,0.000380433,soybean
1096,2.14,0.000355889,soybean
1097,2.14,0.000343617,soybean
1098,2.14,0.000306801,soybean
1099,2.14,0.000269985,soybean
1100,2.14,0.000269985,soybean
1101,2.14,0.000269985,soybean
1102,2.14,0.000233169,soybean
1103,2.14,0.000233169,soybean
1104,2.14,0.000208625,soybean
1105,2.14,0.000196353,soybean
1106,2.14,0.000196353,soybean
1107,2.14,0.000171809,soybean
1108,2.14,0.000159537,soybean
1109,2.14,0.000147265,soybean
1110,2.14,0.000147265,soybean
1111,2.14,0.000134993,soybean
1112,2.14,0.000134993,soybean
1113,2.14,0.000134993,soybean
1114,2.14,0.00012272,soybean
1115,2.14,0.00012272,soybean
1116,2.14,0.00012272,soybean
1117,2.14,0.000110448,soybean
1118,2.14,9.81764E-05,soybean
1119,2.14,9.81764E-05,soybean
1120,2.14,9.81764E-05,soybean
1121,2.14,8.59043E-05,soybean
1122,2.14,8.59043E-05,soybean
1123,2.14,8.59043E-05,soybean
1124,2.14,7.36323E-05,soybean
1125,2.14,7.36323E-05,soybean
1126,2.14,7.36323E-05,soybean
1127,2.14,7.36323E-05,soybean
1128,2.14,7.36323E-05,soybean
1129,2.14,6.13602E-05,soybean
1130,2.14,6.13602E-05,soybean
1131,2.14,6.13602E-05,soybean
1132,2.14,6.13602E-05,soybean
1133,2.14,6.13602E-05,soybean
1134,2.14,6.13602E-05,soybean
1135,2.14,6.13602E-05,soybean
1136,2.14,6.13602E-05,soybean
1137,2.14,6.13602E-05,soybean
1138,2.14,6.13602E-05,soybean
1139,2.14,4.90882E-05,soybean
1140,2.14,4.90882E-05,soybean
1141,2.14,4.90882E-05,soybean
1142,2.14,4.90882E-05,soybean
1143,2.14,4.90882E-05,soybean
1144,2.14,4.90882E-05,soybean
1145,2.14,4.90882E-05,soybean
1146,2.14,4.90882E-05,soybean
1147,2.14,4.90882E-05,soybean
1148,2.14,4.90882E-05,soybean
1149,2.14,4.90882E-05,soybean
1150,2.14,4.90882E-05,soybean
1151,2.14,3.68161E-05,soybean
1152,2.14,3.68161E-05,soybean
1153,2.14,3.68161E-05,soybean
1154,2.14,3.68161E-05,soybean
1155,2.14,3.68161E-05,soybean
1156,2.14,3.68161E-05,soybean
1157,2.14,3.68161E-05,soybean
1158,2.14,3.68161E-05,soybean
1159,2.14,3.68161E-05,soybean
1160,2.14,3.68161E-05,soybean
1161,2.14,3.68161E-05,soybean
1162,2.14,2.45441E-05,soybean
1163,2.14,2.45441E-05,soybean
1164,2.14,2.45441E-05,soybean
1165,2.14,2.45441E-05,soybean
1166,2.14,2.45441E-05,soybean
1167,2.14,2.45441E-05,soybean
1168,2.14,2.45441E-05,soybean
1169,2.14,1.2272E-05,soybean
1170,2.14,1.2272E-05,soybean
1171,2.14,1.2272E-05,soybean
1172,2,0.003313453,soybean
1173,2,0.003068012,soybean
1174,2,0.002859387,soybean
1175,2,0.002454409,soybean
1176,2,0.002393049,soybean
1177,2,0.002024888,soybean
1178,2,0.001803991,soybean
1179,2,0.001668998,soybean
1180,2,0.001656726,soybean
1181,2,0.001644454,soybean
1182,2,0.001595366,soybean
1183,2,0.001435829,soybean
1184,2,0.001337653,soybean
1185,2,0.001276293,soybean
1186,2,0.001214933,soybean
1187,2,0.001214933,soybean
1188,2,0.001178116,soybean
1189,2,0.001116756,soybean
1190,2,0.00101858,soybean
1191,2,0.000969492,soybean
1192,2,0.000846771,soybean
1193,2,0.000834499,soybean
1194,2,0.000822227,soybean
1195,2,0.000785411,soybean
1196,2,0.000748595,soybean
1197,2,0.000736323,soybean
1198,2,0.000724051,soybean
1199,2,0.000711779,soybean
1200,2,0.000650418,soybean
1201,2,0.000576786,soybean
1202,2,0.000576786,soybean
1203,2,0.000552242,soybean
1204,2,0.000503154,soybean
1205,2,0.000490882,soybean
1206,2,0.00047861,soybean
1207,2,0.00047861,soybean
1208,2,0.000466338,soybean
1209,2,0.000454066,soybean
1210,2,0.000441794,soybean
1211,2,0.00041725,soybean
1212,2,0.000368161,soybean
1213,2,0.000368161,soybean
1214,2,0.000355889,soybean
1215,2,0.000343617,soybean
1216,2,0.000331345,soybean
1217,2,0.000306801,soybean
1218,2,0.000306801,soybean
1219,2,0.000294529,soybean
1220,2,0.000294529,soybean
1221,2,0.000282257,soybean
1222,2,0.000282257,soybean
1223,2,0.000282257,soybean
1224,2,0.000269985,soybean
1225,2,0.000269985,soybean
1226,2,0.000269985,soybean
1227,2,0.000257713,soybean
1228,2,0.000257713,soybean
1229,2,0.000257713,soybean
1230,2,0.000245441,soybean
1231,2,0.000245441,soybean
1232,2,0.000245441,soybean
1233,2,0.000233169,soybean
1234,2,0.000233169,soybean
1235,2,0.000233169,soybean
1236,2,0.000220897,soybean
1237,2,0.000208625,soybean
1238,2,0.000208625,soybean
1239,2,0.000196353,soybean
1240,2,0.000171809,soybean
1241,2,0.000159537,soybean
1242,2,0.000159537,soybean
1243,2,0.000147265,soybean
1244,2,0.000147265,soybean
1245,2,0.000134993,soybean
1246,2,0.000134993,soybean
1247,2,0.000134993,soybean
1248,2,0.00012272,soybean
1249,2,0.00012272,soybean
1250,2,0.00012272,soybean
1251,2,0.00012272,soybean
1252,2,0.000110448,soybean
1253,2,0.000110448,soybean
1254,2,0.000110448,soybean
1255,2,0.000110448,soybean
1256,2,0.000110448,soybean
1257,2,0.000110448,soybean
1258,2,9.81764E-05,soybean
1259,2,9.81764E-05,soybean
1260,2,9.81764E-05,soybean
1261,2,9.81764E-05,soybean
1262,2,9.81764E-05,soybean
1263,2,8.59043E-05,soybean
1264,2,8.59043E-05,soybean
1265,2,8.59043E-05,soybean
1266,2,8.59043E-05,soybean
1267,2,7.36323E-05,soybean
1268,2,7.36323E-05,soybean
1269,2,7.36323E-05,soybean
1270,2,7.36323E-05,soybean
1271,2,7.36323E-05,soybean
1272,2,6.13602E-05,soybean
1273,2,6.13602E-05,soybean
1274,2,6.13602E-05,soybean
1275,2,6.13602E-05,soybean
1276,2,6.13602E-05,soybean
1277,2,6.13602E-05,soybean
1278,2,6.13602E-05,soybean
1279,2,4.90882E-05,soybean
1280,2,4.90882E-05,soybean
1281,2,4.90882E-05,soybean
1282,2,4.90882E-05,soybean
1283,2,4.90882E-05,soybean
1284,2,4.90882E-05,soybean
1285,2,4.90882E-05,soybean
1286,2,4.90882E-05,soybean
1287,2,3.68161E-05,soybean
1288,2,3.68161E-05,soybean
1289,2,3.68161E-05,soybean
1290,2,3.68161E-05,soybean
1291,2,3.68161E-05,soybean
1292,2,3.68161E-05,soybean
1293,2,3.68161E-05,soybean
1294,2,3.68161E-05,soybean
1295,2,2.45441E-05,soybean
1296,2,2.45441E-05,soybean
1297,2,2.45441E-05,soybean
1298,2,2.45441E-05,soybean
1299,2,2.45441E-05,soybean
1300,2,2.45441E-05,soybean
1301,2,2.45441E-05,soybean
1302,2,2.45441E-05,soybean
1303,2,2.45441E-05,soybean
1304,2,2.45441E-05,soybean
1305,2,1.2272E-05,soybean
1306,2,1.2272E-05,soybean
1307,1.98,0.010148983,soybean
1308,1.98,0.005056083,soybean
1309,1.98,0.004761554,soybean
1310,1.98,0.002331689,soybean
1311,1.98,0.002208968,soybean
1312,1.98,0.001656726,soybean
1313,1.98,0.001570822,soybean
1314,1.98,0.001546278,soybean
1315,1.98,0.001460374,soybean
1316,1.98,0.001251749,soybean
1317,1.98,0.001251749,soybean
1318,1.98,0.001227205,soybean
1319,1.98,0.001178116,soybean
1320,1.98,0.000981764,soybean
1321,1.98,0.00095722,soybean
1322,1.98,0.000822227,soybean
1323,1.98,0.000785411,soybean
1324,1.98,0.000785411,soybean
1325,1.98,0.000773139,soybean
1326,1.98,0.000760867,soybean
1327,1.98,0.000711779,soybean
1328,1.98,0.000674963,soybean
1329,1.98,0.000650418,soybean
1330,1.98,0.00060133,soybean
1331,1.98,0.000576786,soybean
1332,1.98,0.000564514,soybean
1333,1.98,0.000564514,soybean
1334,1.98,0.000552242,soybean
1335,1.98,0.000552242,soybean
1336,1.98,0.00053997,soybean
1337,1.98,0.000490882,soybean
1338,1.98,0.00047861,soybean
1339,1.98,0.000454066,soybean
1340,1.98,0.000441794,soybean
1341,1.98,0.000441794,soybean
1342,1.98,0.000368161,soybean
1343,1.98,0.000355889,soybean
1344,1.98,0.000306801,soybean
1345,1.98,0.000294529,soybean
1346,1.98,0.000294529,soybean
1347,1.98,0.000282257,soybean
1348,1.98,0.000282257,soybean
1349,1.98,0.000245441,soybean
1350,1.98,0.000245441,soybean
1351,1.98,0.000220897,soybean
1352,1.98,0.000220897,soybean
1353,1.98,0.000220897,soybean
1354,1.98,0.000208625,soybean
1355,1.98,0.000208625,soybean
1356,1.98,0.000208625,soybean
1357,1.98,0.000196353,soybean
1358,1.98,0.000196353,soybean
1359,1.98,0.000196353,soybean
1360,1.98,0.000196353,soybean
1361,1.98,0.000196353,soybean
1362,1.98,0.000184081,soybean
1363,1.98,0.000171809,soybean
1364,1.98,0.000159537,soybean
1365,1.98,0.000159537,soybean
1366,1.98,0.000159537,soybean
1367,1.98,0.000159537,soybean
1368,1.98,0.000159537,soybean
1369,1.98,0.000147265,soybean
1370,1.98,0.000147265,soybean
1371,1.98,0.000134993,soybean
1372,1.98,0.000134993,soybean
1373,1.98,0.000134993,soybean
1374,1.98,0.000134993,soybean
1375,1.98,0.000134993,soybean
1376,1.98,0.000134993,soybean
1377,1.98,0.000134993,soybean
1378,1.98,0.00012272,soybean
1379,1.98,0.00012272,soybean
1380,1.98,0.00012272,soybean
1381,1.98,0.000110448,soybean
1382,1.98,0.000110448,soybean
1383,1.98,0.000110448,soybean
1384,1.98,0.000110448,soybean
1385,1.98,9.81764E-05,soybean
1386,1.98,9.81764E-05,soybean
1387,1.98,9.81764E-05,soybean
1388,1.98,9.81764E-05,soybean
1389,1.98,8.59043E-05,soybean
1390,1.98,8.59043E-05,soybean
1391,1.98,8.59043E-05,soybean
1392,1.98,8.59043E-05,soybean
1393,1.98,8.59043E-05,soybean
1394,1.98,8.59043E-05,soybean
1395,1.98,7.36323E-05,soybean
1396,1.98,7.36323E-05,soybean
1397,1.98,7.36323E-05,soybean
1398,1.98,7.36323E-05,soybean
1399,1.98,7.36323E-05,soybean
1400,1.98,7.36323E-05,soybean
1401,1.98,7.36323E-05,soybean
1402,1.98,7.36323E-05,soybean
1403,1.98,7.36323E-05,soybean
1404,1.98,6.13602E-05,soybean
1405,1.98,6.13602E-05,soybean
1406,1.98,6.13602E-05,soybean
1407,1.98,6.13602E-05,soybean
1408,1.98,6.13602E-05,soybean
1409,1.98,6.13602E-05,soybean
1410,1.98,6.13602E-05,soybean
1411,1.98,6.13602E-05,soybean
1412,1.98,6.13602E-05,soybean
1413,1.98,4.90882E-05,soybean
1414,1.98,4.90882E-05,soybean
1415,1.98,4.90882E-05,soybean
1416,1.98,4.90882E-05,soybean
1417,1.98,4.90882E-05,soybean
1418,1.98,4.90882E-05,soybean
1419,1.98,4.90882E-05,soybean
1420,1.98,4.90882E-05,soybean
1421,1.98,4.90882E-05,soybean
1422,1.98,4.90882E-05,soybean
1423,1.98,4.90882E-05,soybean
1424,1.98,3.68161E-05,soybean
1425,1.98,3.68161E-05,soybean
1426,1.98,3.68161E-05,soybean
1427,1.98,3.68161E-05,soybean
1428,1.98,3.68161E-05,soybean
1429,1.98,3.68161E-05,soybean
1430,1.98,3.68161E-05,soybean
1431,1.98,3.68161E-05,soybean
1432,1.98,3.68161E-05,soybean
1433,1.98,3.68161E-05,soybean
1434,1.98,3.68161E-05,soybean
1435,1.98,3.68161E-05,soybean
1436,1.98,3.68161E-05,soybean
1437,1.98,3.68161E-05,soybean
1438,1.98,3.68161E-05,soybean
1439,1.98,3.68161E-05,soybean
1440,1.98,3.68161E-05,soybean
1441,1.98,3.68161E-05,soybean
1442,1.98,2.45441E-05,soybean
1443,1.98,2.45441E-05,soybean
1444,1.98,2.45441E-05,soybean
1445,1.98,2.45441E-05,soybean
1446,1.98,2.45441E-05,soybean
1447,1.98,2.45441E-05,soybean
1448,1.98,2.45441E-05,soybean
1449,1.98,2.45441E-05,soybean
1450,1.98,2.45441E-05,soybean
1451,1.98,2.45441E-05,soybean
1452,1.98,2.45441E-05,soybean
1453,1.98,1.2272E-05,soybean
1454,1.98,1.2272E-05,soybean
1455,1.98,1.2272E-05,soybean
1456,1.88,0.000220897,soybean
1457,1.88,0.000171809,soybean
1458,1.88,0.000147265,soybean
1459,1.88,0.00012272,soybean
1460,1.88,9.81764E-05,soybean
1461,1.88,6.13602E-05,soybean
1462,1.88,4.90882E-05,soybean
1463,1.88,3.68161E-05,soybean
1464,1.88,3.68161E-05,soybean
1465,1.88,3.68161E-05,soybean
1466,1.67,0.005375156,soybean
1467,1.67,0.003276636,soybean
1468,1.67,0.002933019,soybean
1469,1.67,0.001423557,soybean
1470,1.67,0.000883587,soybean
1471,1.67,0.000859043,soybean
1472,1.67,0.000699507,soybean
1473,1.67,0.000527698,soybean
1474,1.67,0.00047861,soybean
1475,1.67,0.00041725,soybean
1476,1.67,0.000404978,soybean
1477,1.67,0.000319073,soybean
1478,1.67,0.000306801,soybean
1479,1.67,0.000282257,soybean
1480,1.67,0.000233169,soybean
1481,1.67,0.000233169,soybean
1482,1.67,0.000208625,soybean
1483,1.67,0.000208625,soybean
1484,1.67,0.000196353,soybean
1485,1.67,0.000184081,soybean
1486,1.67,0.000171809,soybean
1487,1.67,9.81764E-05,soybean
1488,1.67,7.36323E-05,soybean
1489,1.67,7.36323E-05,soybean
1490,1.67,6.13602E-05,soybean
1491,1.67,6.13602E-05,soybean
1492,1.67,4.90882E-05,soybean
1493,1.67,4.90882E-05,soybean
1494,1.67,4.90882E-05,soybean
1495,1.67,4.90882E-05,soybean
1496,1.67,4.90882E-05,soybean
1497,1.67,4.90882E-05,soybean
1498,1.67,4.90882E-05,soybean
1499,1.67,4.90882E-05,soybean
1500,1.67,4.90882E-05,soybean
1501,1.67,3.68161E-05,soybean
1502,1.67,3.68161E-05,soybean
1503,1.67,3.68161E-05,soybean
1504,1.67,3.68161E-05,soybean
1505,1.67,3.68161E-05,soybean
1506,1.67,3.68161E-05,soybean
1507,1.67,3.68161E-05,soybean
1508,1.67,3.68161E-05,soybean
1509,1.67,3.68161E-05,soybean
1510,1.67,3.68161E-05,soybean
1511,1.67,2.45441E-05,soybean
1512,1.56,0.000490882,soybean
1513,1.56,0.000355889,soybean
1514,1.56,0.000343617,soybean
1515,1.56,0.000282257,soybean
1516,1.56,0.000245441,soybean
1517,1.56,0.000196353,soybean
1518,1.56,0.000184081,soybean
1519,1.56,0.000147265,soybean
1520,1.56,0.00012272,soybean
1521,1.56,0.00012272,soybean
1522,1.56,0.00012272,soybean
1523,1.56,0.000110448,soybean
1524,1.56,0.000110448,soybean
1525,1.56,0.000110448,soybean
1526,1.56,9.81764E-05,soybean
1527,1.56,9.81764E-05,soybean
1528,1.56,9.81764E-05,soybean
1529,1.56,8.59043E-05,soybean
1530,1.56,7.36323E-05,soybean
1531,1.56,4.90882E-05,soybean
1532,1.56,4.90882E-05,soybean
1533,1.56,4.90882E-05,soybean
1534,1.56,4.90882E-05,soybean
1535,1.56,4.90882E-05,soybean
1536,1.56,4.90882E-05,soybean
1537,1.56,3.68161E-05,soybean
1538,1.56,3.68161E-05,soybean
1539,1.56,3.68161E-05,soybean
1540,1.56,3.68161E-05,soybean
1541,1.56,2.45441E-05,soybean
1542,1.56,2.45441E-05,soybean
1543,1.56,2.45441E-05,soybean
1544,1.56,2.45441E-05,soybean
1545,1.5,0.000859043,soybean
1546,1.5,0.000159537,soybean
1547,1.18,0.000699507,soybean
1548,1.18,0.000589058,soybean
1549,1.18,0.000490882,soybean
1550,1.18,0.000282257,soybean
1551,1.18,0.000208625,soybean
1552,1.18,0.000159537,soybean
1553,1.18,0.000110448,soybean
1554,1.18,9.81764E-05,soybean
1555,1.18,6.13602E-05,soybean
1556,1,0.002748938,soybean
1557,1,0.002675306,soybean
1558,1,0.002258057,soybean
1559,1,0.002196696,soybean
1560,1,0.002123064,soybean
1561,1,0.00209852,soybean
1562,1,0.002024888,soybean
1563,1,0.002024888,soybean
1564,1,0.001865351,soybean
1565,1,0.001742631,soybean
1566,1,0.001718087,soybean
1567,1,0.001668998,soybean
1568,1,0.001668998,soybean
1569,1,0.001656726,soybean
1570,1,0.001583094,soybean
1571,1,0.001570822,soybean
1572,1,0.001325381,soybean
1573,1,0.001325381,soybean
1574,1,0.001264021,soybean
1575,1,0.001264021,soybean
1576,1,0.001227205,soybean
1577,1,0.001129028,soybean
1578,1,0.00107994,soybean
1579,1,0.001067668,soybean
1580,1,0.001030852,soybean
1581,1,0.000994036,soybean
1582,1,0.000969492,soybean
1583,1,0.000932676,soybean
1584,1,0.000920404,soybean
1585,1,0.000895859,soybean
1586,1,0.000859043,soybean
1587,1,0.000773139,soybean
1588,1,0.000773139,soybean
1589,1,0.000748595,soybean
1590,1,0.000699507,soybean
1591,1,0.000674963,soybean
1592,1,0.000662691,soybean
1593,1,0.000625874,soybean
1594,1,0.000625874,soybean
1595,1,0.000625874,soybean
1596,1,0.000613602,soybean
1597,1,0.000576786,soybean
1598,1,0.000552242,soybean
1599,1,0.000552242,soybean
1600,1,0.00053997,soybean
1601,1,0.000515426,soybean
1602,1,0.000503154,soybean
1603,1,0.000466338,soybean
1604,1,0.000466338,soybean
1605,1,0.000441794,soybean
1606,1,0.00041725,soybean
1607,1,0.000404978,soybean
1608,1,0.000368161,soybean
1609,1,0.000368161,soybean
1610,1,0.000343617,soybean
1611,1,0.000343617,soybean
1612,1,0.000319073,soybean
1613,1,0.000319073,soybean
1614,1,0.000319073,soybean
1615,1,0.000306801,soybean
1616,1,0.000294529,soybean
1617,1,0.000282257,soybean
1618,1,0.000269985,soybean
1619,1,0.000257713,soybean
1620,1,0.000257713,soybean
1621,1,0.000245441,soybean
1622,1,0.000245441,soybean
1623,1,0.000245441,soybean
1624,1,0.000245441,soybean
1625,1,0.000233169,soybean
1626,1,0.000233169,soybean
1627,1,0.000233169,soybean
1628,1,0.000233169,soybean
1629,1,0.000220897,soybean
1630,1,0.000220897,soybean
1631,1,0.000208625,soybean
1632,1,0.000208625,soybean
1633,1,0.000208625,soybean
1634,1,0.000208625,soybean
1635,1,0.000208625,soybean
1636,1,0.000196353,soybean
1637,1,0.000184081,soybean
1638,1,0.000184081,soybean
1639,1,0.000184081,soybean
1640,1,0.000171809,soybean
1641,1,0.000171809,soybean
1642,1,0.000159537,soybean
1643,1,0.000159537,soybean
1644,1,0.000159537,soybean
1645,1,0.000147265,soybean
1646,1,0.000147265,soybean
1647,1,0.000134993,soybean
1648,1,0.000134993,soybean
1649,1,0.000134993,soybean
1650,1,0.00012272,soybean
1651,1,0.00012272,soybean
1652,1,0.00012272,soybean
1653,1,0.000110448,soybean
1654,1,0.000110448,soybean
1655,1,0.000110448,soybean
1656,1,9.81764E-05,soybean
1657,1,9.81764E-05,soybean
1658,1,9.81764E-05,soybean
1659,1,9.81764E-05,soybean
1660,1,9.81764E-05,soybean
1661,1,8.59043E-05,soybean
1662,1,8.59043E-05,soybean
1663,1,8.59043E-05,soybean
1664,1,8.59043E-05,soybean
1665,1,8.59043E-05,soybean
1666,1,8.59043E-05,soybean
1667,1,7.36323E-05,soybean
1668,1,7.36323E-05,soybean
1669,1,7.36323E-05,soybean
1670,1,7.36323E-05,soybean
1671,1,7.36323E-05,soybean
1672,1,7.36323E-05,soybean
1673,1,6.13602E-05,soybean
1674,1,6.13602E-05,soybean
1675,1,6.13602E-05,soybean
1676,1,6.13602E-05,soybean
1677,1,6.13602E-05,soybean
1678,1,6.13602E-05,soybean
1679,1,4.90882E-05,soybean
1680,1,4.90882E-05,soybean
1681,1,4.90882E-05,soybean
1682,1,4.90882E-05,soybean
1683,1,4.90882E-05,soybean
1684,1,4.90882E-05,soybean
1685,1,4.90882E-05,soybean
1686,1,4.90882E-05,soybean
1687,1,4.90882E-05,soybean
1688,1,4.90882E-05,soybean
1689,1,4.90882E-05,soybean
1690,1,4.90882E-05,soybean
1691,1,4.90882E-05,soybean
1692,1,4.90882E-05,soybean
1693,1,4.90882E-05,soybean
1694,1,4.90882E-05,soybean
1695,1,4.90882E-05,soybean
1696,1,3.68161E-05,soybean
1697,1,3.68161E-05,soybean
1698,1,3.68161E-05,soybean
1699,1,3.68161E-05,soybean
1700,1,3.68161E-05,soybean
1701,1,3.68161E-05,soybean
1702,1,3.68161E-05,soybean
1703,1,3.68161E-05,soybean
1704,1,3.68161E-05,soybean
1705,1,3.68161E-05,soybean
1706,1,3.68161E-05,soybean
1707,1,3.68161E-05,soybean
1708,1,3.68161E-05,soybean
1709,1,3.68161E-05,soybean
1710,1,3.68161E-05,soybean
1711,1,3.68161E-05,soybean
1712,1,3.68161E-05,soybean
1713,1,2.45441E-05,soybean
1714,1,2.45441E-05,soybean
1715,1,2.45441E-05,soybean
1716,1,2.45441E-05,soybean
1717,1,2.45441E-05,soybean
1718,1,2.45441E-05,soybean
1719,1,2.45441E-05,soybean
1720,1,2.45441E-05,soybean
1721,1,2.45441E-05,soybean
1722,1,2.45441E-05,soybean
1723,1,2.45441E-05,soybean
1724,1,2.45441E-05,soybean
1725,1,2.45441E-05,soybean
1726,1,1.2272E-05,soybean
1727,1,1.2272E-05,soybean
1728,1,1.2272E-05,soybean
1729,1,1.2272E-05,soybean
